Workbook

Sheet Version
A4: Vivante DC9X00L series - Product Order Form
A6: Version | B6: Description | C6: Date

Sheet UserGuide
A1: This is a guide for how to use the POF file
A3: "Version" sheet: the page to track the POF file version
A6: "UserGuide" sheet: This page gives the user guide to use the POF file
A8: "General" sheet: Some basic general information of the project
A11: "Configuration" sheet: Hardware configuration options
A14: "ProductFeatureList" sheet: This is a read-only sheet to show the complete feature list, including configurable and not configurable ones Notice that ,this sheet is the final result of this IP
A16: "CR" sheet: This sheet is used for recording customer request on IP product customization change

Sheet General
A1: Please fill necessary project information below, for general reference purpose
A3: General Information | B3: Customer's Answer | C3: Answer Example
A4: Company name | C4: ABC Corp.
A5: Project name or identifier | C5: Aspen201
A6: Target process (e.g. TSMC N7) | C6: TSMC N7
A7: Target RTL freeze date | C7: Mid December, 2024
A8: Target tape out date | C8: End August, 2025
A9: Host OS (e.g. Linux 3.10) | C9: Linux 6.6

Sheet Configuration
A1: Product Order Form for DCNanoUltra-XR Display Controller IP
A2: Category | B2: DCNanoUltra-XR Series Product Features | D2: Customer Config | E2: Impact by Feature | F2: Customer Comments | G2: VSI Comments
A3: Pixel Throughput | B3: Pixel per Cycle | D3: 1 | E3: =IF(D3=1,"4K60 FPS Core clock 600MHz Pixel clock 150MHz(when 4ppc port)","4K120 FPS Core clock 600MHz Pixel clock 300MHz(when 4ppc port)") -> 4K60 FPS Core clock 600MHz Pixel clock 150MHz(when 4ppc port)
A4: Pixel Pre-processing | B4: Video Layers | D4: 2 | G4: Layer number configrable; Default 1; YUV+RGB format; Tile/Rotation/FlipX,Y/Scaler;
B5: Graphic Layers | D5: 0 | G5: Layer number configrable; Default 0; RGB format only ; Tile/no Rotation/FlipX,Y/Scaler;
B6: Simple Layers | D6: 2 | G6: Layer number configrable; Default 1; Linear YUV+RGB format; Flip X,Y; No Tile/No Rotation/No Scaler in default config; No Decompression
B7: Cursor Layers | D7: 2 | G7: Max size 256x256, ARGB8 Linear
A8: Pixel Post-processing | B8: Max Output devices support | D8: 2
A9: DeCompression | B9: Input frame buffer decompression | D9: DECNano3.0
B10: AXI interface | D10: 256bits
A12: Per-Layer Type Configuration (configure each layer independently)
A13: Category | B13: Layer ID | C13: Configure Feature | D13: Customer Config | E13: Impact by Feature | F13: Customer Comments | G13: VSI Comments
A14: Pixel Pre-processing | B14: Layer0 | C14: Layer Type | D14: =IF(0<$D$4,"Video",IF(0<$D$4+$D$5,"Graphic",IF(0<$D$4+$D$5+$D$6,"Simple","Not Used"))) -> Video
C15: Compression | D15: Support | E15: =IF(D15="Not Support","","357.3K gates + 5.25KB RAM") -> 357.3K gates + 5.25KB RAM
C16: HDR | D16: Not Support | E16: =IF(D16="Not Support","",IF($D$3=2,"567.7K gates","361.9K gates"))
C17: Scaler | D17: Not Support | E17: =IF(D17="Not Support","",IF($D$3=2,"348.1K gates + 120KB RAM","207.9K gates + 96.56KB RAM")) | G17: Scaler 8x~1/4x
B18: Layer1 | C18: Layer Type | D18: =IF(1<$D$4,"Video",IF(1<$D$4+$D$5,"Graphic",IF(1<$D$4+$D$5+$D$6,"Simple","Not Used"))) -> Video
C19: Compression | D19: Support | E19: =IF(D19="Not Support","","357.3K gates + 5.25KB RAM") -> 357.3K gates + 5.25KB RAM
C20: HDR | D20: Not Support | E20: =IF(D20="Not Support","",IF($D$3=2,"567.7K gates","361.9K gates"))
C21: Scaler | D21: Not Support | E21: =IF(D21="Not Support","",IF($D$3=2,"348.1K gates + 120KB RAM","207.9K gates + 96.56KB RAM")) | G21: Scaler 8x~1/4x
B22: Layer2 | C22: Layer Type | D22: =IF(2<$D$4,"Video",IF(2<$D$4+$D$5,"Graphic",IF(2<$D$4+$D$5+$D$6,"Simple","Not Used"))) -> Simple
C23: Compression | D23: Not Support | E23: =IF(D23="Not Support","","357.3K gates + 5.25KB RAM")
C24: HDR | D24: Not Support | E24: =IF(D24="Not Support","",IF($D$3=2,"567.7K gates","361.9K gates"))
C25: Scaler | D25: Not Support | E25: =IF(D25="Not Support","",IF($D$3=2,"348.1K gates + 120KB RAM","207.9K gates + 96.56KB RAM")) | G25: Scaler 8x~1/4x
B26: Layer3 | C26: Layer Type | D26: =IF(3<$D$4,"Video",IF(3<$D$4+$D$5,"Graphic",IF(3<$D$4+$D$5+$D$6,"Simple","Not Used"))) -> Simple
C27: Compression | D27: Not Support | E27: =IF(D27="Not Support","","357.3K gates + 5.25KB RAM")
C28: HDR | D28: Not Support | E28: =IF(D28="Not Support","",IF($D$3=2,"567.7K gates","361.9K gates"))
C29: Scaler | D29: Not Support | E29: =IF(D29="Not Support","",IF($D$3=2,"348.1K gates + 120KB RAM","207.9K gates + 96.56KB RAM")) | G29: Scaler 8x~1/4x
B30: Layer4 | C30: Layer Type | D30: =IF(4<$D$4,"Video",IF(4<$D$4+$D$5,"Graphic",IF(4<$D$4+$D$5+$D$6,"Simple","Not Used"))) -> Not Used
C31: Compression | D31: Not Support | E31: =IF(D31="Not Support","","357.3K gates + 5.25KB RAM")
C32: HDR | D32: Not Support | E32: =IF(D32="Not Support","",IF($D$3=2,"567.7K gates","361.9K gates"))
C33: Scaler | D33: Not Support | E33: =IF(D33="Not Support","",IF($D$3=2,"348.1K gates + 120KB RAM","207.9K gates + 96.56KB RAM")) | G33: Scaler 8x~1/4x
B34: Layer5 | C34: Layer Type | D34: =IF(5<$D$4,"Video",IF(5<$D$4+$D$5,"Graphic",IF(5<$D$4+$D$5+$D$6,"Simple","Not Used"))) -> Not Used
C35: Compression | D35: Not Support | E35: =IF(D35="Not Support","","357.3K gates + 5.25KB RAM")
C36: HDR | D36: Not Support | E36: =IF(D36="Not Support","",IF($D$3=2,"567.7K gates","361.9K gates"))
C37: Scaler | D37: Not Support | E37: =IF(D37="Not Support","",IF($D$3=2,"348.1K gates + 120KB RAM","207.9K gates + 96.56KB RAM")) | G37: Scaler 8x~1/4x
B38: Layer6 | C38: Layer Type | D38: =IF(6<$D$4,"Video",IF(6<$D$4+$D$5,"Graphic",IF(6<$D$4+$D$5+$D$6,"Simple","Not Used"))) -> Not Used
C39: Compression | D39: Not Support | E39: =IF(D39="Not Support","","357.3K gates + 5.25KB RAM")
C40: HDR | D40: Not Support | E40: =IF(D40="Not Support","",IF($D$3=2,"567.7K gates","361.9K gates"))
C41: Scaler | D41: Not Support | E41: =IF(D41="Not Support","",IF($D$3=2,"348.1K gates + 120KB RAM","207.9K gates + 96.56KB RAM")) | G41: Scaler 8x~1/4x
B42: Layer7 | C42: Layer Type | D42: =IF(7<$D$4,"Video",IF(7<$D$4+$D$5,"Graphic",IF(7<$D$4+$D$5+$D$6,"Simple","Not Used"))) -> Not Used
C43: Compression | D43: Not Support | E43: =IF(D43="Not Support","","357.3K gates + 5.25KB RAM")
C44: HDR | D44: Not Support | E44: =IF(D44="Not Support","",IF($D$3=2,"567.7K gates","361.9K gates"))
C45: Scaler | D45: Not Support | E45: =IF(D45="Not Support","",IF($D$3=2,"348.1K gates + 120KB RAM","207.9K gates + 96.56KB RAM")) | G45: Scaler 8x~1/4x
B46: Layer8 | C46: Layer Type | D46: =IF(8<$D$4,"Video",IF(8<$D$4+$D$5,"Graphic",IF(8<$D$4+$D$5+$D$6,"Simple","Not Used"))) -> Not Used
C47: Compression | D47: Not Support | E47: =IF(D47="Not Support","","357.3K gates + 5.25KB RAM")
C48: HDR | D48: Not Support | E48: =IF(D48="Not Support","",IF($D$3=2,"567.7K gates","361.9K gates"))
C49: Scaler | D49: Not Support | E49: =IF(D49="Not Support","",IF($D$3=2,"348.1K gates + 120KB RAM","207.9K gates + 96.56KB RAM")) | G49: Scaler 8x~1/4x
B50: Layer9 | C50: Layer Type | D50: =IF(9<$D$4,"Video",IF(9<$D$4+$D$5,"Graphic",IF(9<$D$4+$D$5+$D$6,"Simple","Not Used"))) -> Not Used
C51: Compression | D51: Not Support | E51: =IF(D51="Not Support","","357.3K gates + 5.25KB RAM")
C52: HDR | D52: Not Support | E52: =IF(D52="Not Support","",IF($D$3=2,"567.7K gates","361.9K gates"))
C53: Scaler | D53: Not Support | E53: =IF(D53="Not Support","",IF($D$3=2,"348.1K gates + 120KB RAM","207.9K gates + 96.56KB RAM")) | G53: Scaler 8x~1/4x
B54: Layer10 | C54: Layer Type | D54: =IF(10<$D$4,"Video",IF(10<$D$4+$D$5,"Graphic",IF(10<$D$4+$D$5+$D$6,"Simple","Not Used"))) -> Not Used
C55: Compression | D55: Not Support | E55: =IF(D55="Not Support","","357.3K gates + 5.25KB RAM")
C56: HDR | D56: Not Support | E56: =IF(D56="Not Support","",IF($D$3=2,"567.7K gates","361.9K gates"))
C57: Scaler | D57: Not Support | E57: =IF(D57="Not Support","",IF($D$3=2,"348.1K gates + 120KB RAM","207.9K gates + 96.56KB RAM")) | G57: Scaler 8x~1/4x
B58: Layer11 | C58: Layer Type | D58: =IF(11<$D$4,"Video",IF(11<$D$4+$D$5,"Graphic",IF(11<$D$4+$D$5+$D$6,"Simple","Not Used"))) -> Not Used
C59: Compression | D59: Not Support | E59: =IF(D59="Not Support","","357.3K gates + 5.25KB RAM")
C60: HDR | D60: Not Support | E60: =IF(D60="Not Support","",IF($D$3=2,"567.7K gates","361.9K gates"))
C61: Scaler | D61: Not Support | E61: =IF(D61="Not Support","",IF($D$3=2,"348.1K gates + 120KB RAM","207.9K gates + 96.56KB RAM")) | G61: Scaler 8x~1/4x
B62: Layer12 | C62: Layer Type | D62: =IF(12<$D$4,"Video",IF(12<$D$4+$D$5,"Graphic",IF(12<$D$4+$D$5+$D$6,"Simple","Not Used"))) -> Not Used
C63: Compression | D63: Not Support | E63: =IF(D63="Not Support","","357.3K gates + 5.25KB RAM")
C64: HDR | D64: Not Support | E64: =IF(D64="Not Support","",IF($D$3=2,"567.7K gates","361.9K gates"))
C65: Scaler | D65: Not Support | E65: =IF(D65="Not Support","",IF($D$3=2,"348.1K gates + 120KB RAM","207.9K gates + 96.56KB RAM")) | G65: Scaler 8x~1/4x
B66: Layer13 | C66: Layer Type | D66: =IF(13<$D$4,"Video",IF(13<$D$4+$D$5,"Graphic",IF(13<$D$4+$D$5+$D$6,"Simple","Not Used"))) -> Not Used
C67: Compression | D67: Not Support | E67: =IF(D67="Not Support","","357.3K gates + 5.25KB RAM")
C68: HDR | D68: Not Support | E68: =IF(D68="Not Support","",IF($D$3=2,"567.7K gates","361.9K gates"))
C69: Scaler | D69: Not Support | E69: =IF(D69="Not Support","",IF($D$3=2,"348.1K gates + 120KB RAM","207.9K gates + 96.56KB RAM")) | G69: Scaler 8x~1/4x
B70: Layer14 | C70: Layer Type | D70: =IF(14<$D$4,"Video",IF(14<$D$4+$D$5,"Graphic",IF(14<$D$4+$D$5+$D$6,"Simple","Not Used"))) -> Not Used
C71: Compression | D71: Not Support | E71: =IF(D71="Not Support","","357.3K gates + 5.25KB RAM")
C72: HDR | D72: Not Support | E72: =IF(D72="Not Support","",IF($D$3=2,"567.7K gates","361.9K gates"))
C73: Scaler | D73: Not Support | E73: =IF(D73="Not Support","",IF($D$3=2,"348.1K gates + 120KB RAM","207.9K gates + 96.56KB RAM")) | G73: Scaler 8x~1/4x
B74: Layer15 | C74: Layer Type | D74: =IF(15<$D$4,"Video",IF(15<$D$4+$D$5,"Graphic",IF(15<$D$4+$D$5+$D$6,"Simple","Not Used"))) -> Not Used
C75: Compression | D75: Not Support | E75: =IF(D75="Not Support","","357.3K gates + 5.25KB RAM")
C76: HDR | D76: Not Support | E76: =IF(D76="Not Support","",IF($D$3=2,"567.7K gates","361.9K gates"))
C77: Scaler | D77: Not Support | E77: =IF(D77="Not Support","",IF($D$3=2,"348.1K gates + 120KB RAM","207.9K gates + 96.56KB RAM")) | G77: Scaler 8x~1/4x
A79: Per-PostProcessing Pipeline Configuration (configure each pipeline independently)
A80: Category | B80: PostProcess ID | C80: Configure Feature | D80: Customer Config | E80: Impact by Feature | F80: Customer Comments | G80: VSI Comments
A81: Pixel Post-processing | B81: PostProcess0 | C81: Configure | D81: =IF(0<$D$8,"Enable","Not Used") -> Enable
C82: Degamma+CCM | D82: Support | E82: =IF(D82="Not Support","",IF($D$3=2,"138.5K gates","88.0K gates")) -> 88.0K gates
C83: Post-Scaler | D83: Not Support | E83: =IF(D83="Not Support","",IF($D$3=2,"348.1K gates + 96.56KB RAM","207.9K gates + 96.56KB RAM"))
C84: LTM | D84: Not Support | E84: =IF(D84="Not Support","",IF($D$3=2,"2540.1K gates + 139.1KB RAM","452.6K gates + 50KB RAM"))
C85: Sharpness | D85: Not Support | E85: =IF(D85="Not Support","",IF($D$3=2,"1047.6K gates + 96KB RAM","523.8K gates + 96KB RAM"))
C86: 3DLUT | D86: Not Support | E86: =IF(D86="Not Support","",IF($D$3=2,"82.4K gates + 57.56KB RAM","46.6K gates + 28.78KB RAM"))
B87: PostProcess1 | C87: Configure | D87: =IF(1<$D$8,"Enable","Not Used") -> Enable
C88: Degamma+CCM | D88: Support | E88: =IF(D88="Not Support","",IF($D$3=2,"138.5K gates","88.0K gates")) -> 88.0K gates
C89: Post-Scaler | D89: Not Support | E89: =IF(D89="Not Support","",IF($D$3=2,"348.1K gates + 96.56KB RAM","207.9K gates + 96.56KB RAM"))
C90: LTM | D90: Not Support | E90: =IF(D90="Not Support","",IF($D$3=2,"2540.1K gates + 139.1KB RAM","452.6K gates + 50KB RAM"))
C91: Sharpness | D91: Not Support | E91: =IF(D91="Not Support","",IF($D$3=2,"1047.6K gates + 96KB RAM","523.8K gates + 96KB RAM"))
C92: 3DLUT | D92: Not Support | E92: =IF(D92="Not Support","",IF($D$3=2,"82.4K gates + 57.56KB RAM","46.6K gates + 28.78KB RAM"))
B93: PostProcess2 | C93: Configure | D93: =IF(2<$D$8,"Enable","Not Used") -> Not Used
C94: Degamma+CCM | D94: Not Support | E94: =IF(D94="Not Support","",IF($D$3=2,"138.5K gates","88.0K gates"))
C95: Post-Scaler | D95: Not Support | E95: =IF(D95="Not Support","",IF($D$3=2,"348.1K gates + 96.56KB RAM","207.9K gates + 96.56KB RAM"))
C96: 3DLUT | D96: Not Support | E96: =IF(D96="Not Support","",IF($D$3=2,"82.4K gates + 57.56KB RAM","46.6K gates + 28.78KB RAM"))
B97: PostProcess3 | C97: Configure | D97: =IF(3<$D$8,"Enable","Not Used") -> Not Used
C98: Degamma+CCM | D98: Not Support | E98: =IF(D98="Not Support","",IF($D$3=2,"138.5K gates","88.0K gates"))
C99: Post-Scaler | D99: Not Support | E99: =IF(D99="Not Support","",IF($D$3=2,"348.1K gates + 96.56KB RAM","207.9K gates + 96.56KB RAM"))
C100: 3DLUT | D100: Not Support | E100: =IF(D100="Not Support","",IF($D$3=2,"82.4K gates + 57.56KB RAM","46.6K gates + 28.78KB RAM"))
B101: Write-back | C101: Pipeline num | D101: 1 | E101: =IF(D101="Not Used","",IF(D3=1,196*D101&"K gates ,"&16*D101&"KB RAM",382*D101&"K gates,"&16*D101&"KB RAM")) -> 196K gates ,16KB RAM
C102: Tilemode | D102: Linear only | E102: =IF(D101="Not Used","",IF(D102="Not Support",16*D101&"KB RAM",8*D101&"KB RAM")) -> 8KB RAM
...

Sheet ProductFeatureList
A1: Category | C1: DCNanoUltra-XR Product Features | E1: VSI Comment
A2: IP Version | D2: DCNanoUltra-XR
A3: Display Throughput (Resolution@Frame Rate) | C3: Max Display Resolution for Single Display | D3: =IF(Configuration!D3=1,"4096x2160@60fps","4096x2160@120fps") -> 4096x2160@60fps
C4: Max Display Resolution for Multiple Display | D4: =IF(Configuration!D3=1,IF(D7>1,"4096x2160@120fps","Not Support"),IF(D7=1,"Not Support","7680x4320@60fps")) -> 4096x2160@120fps | E4: Multi-Display splice mode
A5: Pixel Thoughput | C5: Pixel Rate (Pixels per Cycle) | D5: =Configuration!D3 -> 1
A6: HW Resource | C6: Pixel Pre-processing | D6: =ROUNDUP(SUM(Configuration!D4:D7)/8,0) -> 1
C7: Pixel Post-processing | D7: =Configuration!D8 -> 2
A8: Decompression | C8: Input frame buffer decompression | D8: =Configuration!D9 -> DECNano3.0
A9: Data BUS | C9: AXI4.0 address width | D9: 48bit | E9: For Pixel Pre-processing
C10: AXI4.0 read interface | D10: =IF(SUM(Configuration!D4:D7)=0,"Not Support",(D6*IF(ROUNDUP(SUM(Configuration!D4:D7)/D6,0)>3,2,1))&"x"&Configuration!D10) -> 2x256bits
C11: AXI4.0 write interface | D11: =IF(Configuration!D101="Not Used","Not Support","1x"&Configuration!D10) -> 1x256bits | E11: For Write Back
A12: Config BUS | C12: APB3.0 interface | D12: =D6+1&"x32bits" -> 2x32bits
A13: Pixel Pre-processing | B13: Cursor Layer | D13: =Configuration!D7 -> 2
B14: Layer0 | C14: Layer type | D14: =Configuration!D14 -> Video
C15: Format | D15: =IF(Configuration!D14="Not Used","",IF(Configuration!D14="Video","YUV+RGB format;",IF(Configuration!D14="Graphic","RGB format only;",IF(Configuration!D14="Simple","Linear YUV+RGB format;","ARGB8")))) -> YUV+RGB format;
C16: Tilemode | D16: =IF(Configuration!D14="Not Used","",IF(OR(Configuration!D14="Simple",Configuration!D14="Cursor"),"Linear","Tile&Linear")) -> Tile&Linear
C17: Decompression | D17: =Configuration!D15 -> Support
C18: Max resolution | D18: =IF(Configuration!D14="Not Used","",IF(Configuration!D14="Cursor","256x256","4096x2160")) -> 4096x2160
C19: Rotation with tile input formats | D19: =IF(Configuration!D14="Not Used","",IF(OR(Configuration!D14="Video"),"Support","Not Support")) -> Support | E19: Rotation 90°/270°
C20: Flip | D20: =IF(Configuration!D14="Not Used","",IF(Configuration!D14="Cursor","Not Support","Support")) -> Support | E20: Flip Y/Flip X/Flip X&Flip Y
C21: Color Key | D21: =IF(Configuration!D14="Not Used","","Support") -> Support
C22: Crop | D22: =IF(Configuration!D14="Not Used","","Support") -> Support
C23: Swizzle | D23: =IF(Configuration!D14="Not Used","","Support") -> Support
C24: Scaler | D24: =Configuration!D17 -> Not Support | E24: Range 1/4x~8x, Kernel 8x4
C25: HDR | D25: =Configuration!D16 -> Not Support
C26: YUV2RGB | D26: =IF(Configuration!D14="Not Used","",IF(OR(Configuration!D14="Video",Configuration!D14="Simple"),"Support","Not Support")) -> Support
C27: Solid color | D27: =IF(Configuration!D14="Not Used","","Support") -> Support
B28: Layer1 | C28: Layer type | D28: =Configuration!D18 -> Video
C29: Format | D29: =IF(Configuration!D18="Not Used","",IF(Configuration!D18="Video","YUV+RGB format;",IF(Configuration!D18="Graphic","RGB format only;",IF(Configuration!D18="Simple","Linear YUV+RGB format;","ARGB8")))) -> YUV+RGB format;
C30: Tilemode | D30: =IF(Configuration!D18="Not Used","",IF(OR(Configuration!D18="Simple",Configuration!D18="Cursor"),"Linear","Tile&Linear")) -> Tile&Linear
C31: Decompression | D31: =Configuration!D19 -> Support
C32: Max resolution | D32: =IF(Configuration!D18="Not Used","",IF(Configuration!D18="Cursor","256x256","4096x2160")) -> 4096x2160
C33: Rotation with tile input formats | D33: =IF(Configuration!D18="Not Used","",IF(OR(Configuration!D18="Video"),"Support","Not Support")) -> Support | E33: Rotation 90°/270°
C34: Flip | D34: =IF(Configuration!D18="Not Used","",IF(Configuration!D18="Cursor","Not Support","Support")) -> Support | E34: Flip Y/Flip X/Flip X&Flip Y
C35: Color Key | D35: =IF(Configuration!D18="Not Used","","Support") -> Support
C36: Crop | D36: =IF(Configuration!D18="Not Used","","Support") -> Support
C37: Swizzle | D37: =IF(Configuration!D18="Not Used","","Support") -> Support
C38: Scaler | D38: =Configuration!D21 -> Not Support | E38: Range 1/4x~8x, Kernel 8x4
C39: HDR | D39: =Configuration!D20 -> Not Support
C40: YUV2RGB | D40: =IF(Configuration!D18="Not Used","",IF(OR(Configuration!D18="Video",Configuration!D18="Simple"),"Support","Not Support")) -> Support
C41: Solid color | D41: =IF(Configuration!D18="Not Used","","Support") -> Support
B42: Layer2 | C42: Layer type | D42: =Configuration!D22 -> Simple | E42: Flexa SBI
C43: Format | D43: =IF(Configuration!D22="Not Used","",IF(Configuration!D22="Video","YUV+RGB format;",IF(Configuration!D22="Graphic","RGB format only;",IF(Configuration!D22="Simple","Linear YUV+RGB format;","ARGB8")))) -> Linear YUV+RGB format;
C44: Tilemode | D44: =IF(Configuration!D22="Not Used","",IF(OR(Configuration!D22="Simple",Configuration!D22="Cursor"),"Linear","Tile&Linear")) -> Linear
C45: Decompression | D45: =Configuration!D23 -> Not Support
C46: Max resolution | D46: =IF(Configuration!D22="Not Used","",IF(Configuration!D22="Cursor","256x256","4096x2160")) -> 4096x2160
C47: Rotation with tile input formats | D47: =IF(Configuration!D22="Not Used","",IF(OR(Configuration!D22="Video"),"Support","Not Support")) -> Not Support | E47: Rotation 90°/270°
C48: Flip | D48: =IF(Configuration!D22="Not Used","",IF(Configuration!D22="Cursor","Not Support","Support")) -> Support | E48: Flip Y/Flip X/Flip X&Flip Y
C49: Color Key | D49: =IF(Configuration!D22="Not Used","","Support") -> Support
C50: Crop | D50: =IF(Configuration!D22="Not Used","","Support") -> Support
C51: Swizzle | D51: =IF(Configuration!D22="Not Used","","Support") -> Support
C52: Scaler | D52: =Configuration!D25 -> Not Support | E52: Range 1/4x~8x, Kernel 8x4
C53: HDR | D53: =Configuration!D24 -> Not Support
C54: YUV2RGB | D54: =IF(Configuration!D22="Not Used","",IF(OR(Configuration!D22="Video",Configuration!D22="Simple"),"Support","Not Support")) -> Support
C55: Solid color | D55: =IF(Configuration!D22="Not Used","","Support") -> Support
B56: Layer3 | C56: Layer type | D56: =Configuration!D26 -> Simple | E56: Flexa SBI
C57: Format | D57: =IF(Configuration!D26="Not Used","",IF(Configuration!D26="Video","YUV+RGB format;",IF(Configuration!D26="Graphic","RGB format only;",IF(Configuration!D26="Simple","Linear YUV+RGB format;","ARGB8")))) -> Linear YUV+RGB format;
C58: Tilemode | D58: =IF(Configuration!D26="Not Used","",IF(OR(Configuration!D26="Simple",Configuration!D26="Cursor"),"Linear","Tile&Linear")) -> Linear
C59: Decompression | D59: =Configuration!D27 -> Not Support
C60: Max resolution | D60: =IF(Configuration!D26="Not Used","",IF(Configuration!D26="Cursor","256x256","4096x2160")) -> 4096x2160
C61: Rotation with tile input formats | D61: =IF(Configuration!D26="Not Used","",IF(OR(Configuration!D26="Video"),"Support","Not Support")) -> Not Support | E61: Rotation 90°/270°
C62: Flip | D62: =IF(Configuration!D26="Not Used","",IF(Configuration!D26="Cursor","Not Support","Support")) -> Support | E62: Flip Y/Flip X/Flip X&Flip Y
C63: Color Key | D63: =IF(Configuration!D26="Not Used","","Support") -> Support
C64: Crop | D64: =IF(Configuration!D26="Not Used","","Support") -> Support
C65: Swizzle | D65: =IF(Configuration!D26="Not Used","","Support") -> Support
C66: Scaler | D66: =Configuration!D29 -> Not Support | E66: Range 1/4x~8x, Kernel 8x4
C67: HDR | D67: =Configuration!D28 -> Not Support
C68: YUV2RGB | D68: =IF(Configuration!D26="Not Used","",IF(OR(Configuration!D26="Video",Configuration!D26="Simple"),"Support","Not Support")) -> Support
C69: Solid color | D69: =IF(Configuration!D26="Not Used","","Support") -> Support
B70: Layer4 | C70: Layer type | D70: =Configuration!D30 -> Not Used
C71: Format | D71: =IF(Configuration!D30="Not Used","",IF(Configuration!D30="Video","YUV+RGB format;",IF(Configuration!D30="Graphic","RGB format only;",IF(Configuration!D30="Simple","Linear YUV+RGB format;","ARGB8"))))
C72: Tilemode | D72: =IF(Configuration!D30="Not Used","",IF(OR(Configuration!D30="Simple",Configuration!D30="Cursor"),"Linear","Tile&Linear"))
C73: Decompression | D73: =Configuration!D31 -> Not Support
C74: Max resolution | D74: =IF(Configuration!D30="Not Used","",IF(Configuration!D30="Cursor","256x256","4096x2160"))
C75: Rotation with tile input formats | D75: =IF(Configuration!D30="Not Used","",IF(OR(Configuration!D30="Video"),"Support","Not Support")) | E75: Rotation 90°/270°
C76: Flip | D76: =IF(Configuration!D30="Not Used","",IF(Configuration!D30="Cursor","Not Support","Support")) | E76: Flip Y/Flip X/Flip X&Flip Y
C77: Color Key | D77: =IF(Configuration!D30="Not Used","","Support")
C78: Crop | D78: =IF(Configuration!D30="Not Used","","Support")
C79: Swizzle | D79: =IF(Configuration!D30="Not Used","","Support")
C80: Scaler | D80: =Configuration!D33 -> Not Support | E80: Range 1/4x~8x, Kernel 8x4
C81: HDR | D81: =Configuration!D32 -> Not Support
C82: YUV2RGB | D82: =IF(Configuration!D30="Not Used","",IF(OR(Configuration!D30="Video",Configuration!D30="Simple"),"Support","Not Support"))
C83: Solid color | D83: =IF(Configuration!D30="Not Used","","Support")
B84: Layer5 | C84: Layer type | D84: =Configuration!D34 -> Not Used
C85: Format | D85: =IF(Configuration!D34="Not Used","",IF(Configuration!D34="Video","YUV+RGB format;",IF(Configuration!D34="Graphic","RGB format only;",IF(Configuration!D34="Simple","Linear YUV+RGB format;","ARGB8"))))
C86: Tilemode | D86: =IF(Configuration!D34="Not Used","",IF(OR(Configuration!D34="Simple",Configuration!D34="Cursor"),"Linear","Tile&Linear"))
C87: Decompression | D87: =Configuration!D35 -> Not Support
C88: Max resolution | D88: =IF(Configuration!D34="Not Used","",IF(Configuration!D34="Cursor","256x256","4096x2160"))
C89: Rotation with tile input formats | D89: =IF(Configuration!D34="Not Used","",IF(OR(Configuration!D34="Video"),"Support","Not Support")) | E89: Rotation 90°/270°
C90: Flip | D90: =IF(Configuration!D34="Not Used","",IF(Configuration!D34="Cursor","Not Support","Support")) | E90: Flip Y/Flip X/Flip X&Flip Y
C91: Color Key | D91: =IF(Configuration!D34="Not Used","","Support")
C92: Crop | D92: =IF(Configuration!D34="Not Used","","Support")
C93: Swizzle | D93: =IF(Configuration!D34="Not Used","","Support")
C94: Scaler | D94: =Configuration!D37 -> Not Support | E94: Range 1/4x~8x, Kernel 8x4
C95: HDR | D95: =Configuration!D36 -> Not Support
C96: YUV2RGB | D96: =IF(Configuration!D34="Not Used","",IF(OR(Configuration!D34="Video",Configuration!D34="Simple"),"Support","Not Support"))
C97: Solid color | D97: =IF(Configuration!D34="Not Used","","Support")
B98: Layer6 | C98: Layer type | D98: =Configuration!D38 -> Not Used
C99: Format | D99: =IF(Configuration!D38="Not Used","",IF(Configuration!D38="Video","YUV+RGB format;",IF(Configuration!D38="Graphic","RGB format only;",IF(Configuration!D38="Simple","Linear YUV+RGB format;","ARGB8"))))
C100: Tilemode | D100: =IF(Configuration!D38="Not Used","",IF(OR(Configuration!D38="Simple",Configuration!D38="Cursor"),"Linear","Tile&Linear"))
...

Sheet CR
A2: Feature | B2: Requests Descriptions | C2: Customer Comment | D2: VSI Comment
A3: 4ROI DMA | B3: CR项；need support 4 ROI DMA | D3: CR
A4: Sync mode with offset | B4: CR项；带offset syncmode | D4: CR
A5: EVS mode with offset | B5: CR项；带offset EVS | D5: CR
A6: 行中断周期intr | B6: CR项；16行为粒度，最大1024行, 自动发起行intr | D6: CR
A7: New format for simple layer | B7: CR项；增加 YUV422 1 Planar interleave 10bit | D7: CR
A10: YUV422 1 Planar interleave 8/10bit

Sheet Schedule
A1: Owner | B1: Latest update | D1: T0
B2: 46252 | D2: 46265
A3: Milestone | B3: Release Date | C3: weeks | D3: Description | E3: If T0 20260831 ,试算
A4: RTL V0.5 | B4: T0+4 | C4: 4 | D4: * Ready feature in. * Synthesis and Physical Design trial run * without new feature Flexa/mulit ROI ,offset | E4: =$D$2+C4*7 -> 46293
A5: RTL V0.7 | B5: T0+13 | C5: 13 | D5: * ALL feature in * 80% regression clean * Lint clean, CDC clean * 90% area accuracy * IO and memory freeze | E5: =$D$2+C5*7 -> 46356
A6: SW V0.7 | B6: T0+15 | C6: 15 | D6: * SW Bring up version | E6: =$D$2+C6*7 -> 46370
A7: RTL/SW V1.0 | B7: T0+20 | C7: 20 | D7: RTL/SW Final： * 100% Regression clean * FPGA Clean * RTL Frozen * Fully verified | E7: =$D$2+C7*7 -> 46405

Sheet Discussion record
A1: 1. 4X ROI cursor layer
A16: 特征和约束
A17: 1. A/B/C/D 4个ROI 形状互不对称，一定紧贴屏幕边缘
A18: 2. 其中A/D 最高128p, 宽可配
A19: 3. 其中B/C 最宽128p, 高可配
A20: *不排斥从DDR读数据，但需要尽量不读无效数据(图中淡黄色框部分)
A22: Alpha Mask Bandwidth per panel（A8）
A23: Display Resolution Width | B23: Display Resolution Hight | C23: FPS | D23: A8/I8 BW（MB/S） | E23: Peak BW (MB/S)
A24: 3840 | B24: 2400 | C24: 81 | D24: =(40*(B24-40-40)+40*A24)*1*C24/1024/1024*2 -> 38.067627 | E24: =A24*B24*C24*(2)/1024/1024/2 -> 711.91406
A25: 2880 | B25: 1800 | C25: 144 | D25: =(40*(B25-40-40)+40*A25)*1*C25/1024/1024*2 -> 50.537109 | E25: =A25*B25*C25*(2)/1024/1024/2 -> 711.91406
A26: *a 这里的峰值带宽理论上不是出现在A/B/C/D的遮挡层（因为UI界面和遮挡层不应该重叠），而是出现在GPU 的UI 层（图中橘色部分）。此时场景是主视频层（From SRE）ARGB flexa without bw cost + GPU 压缩后的ARGB 2BPP （2：1压缩）
A27: *b 如果a推论不成立（即UI界面和遮挡层存在重叠，峰值带宽各自加上A8/I8 BW即可）
A28: 2. DPU Start with EVS mode
A29: 特征和约束 | B29: 此时屏幕
A30: start flow
A31: * DPU 上电后，panel start free run mode(正常显示) | B31: Video Mode 常规background/logo only . with offset !!(DPU 内部实现，DP sync offset cnt 为正)，只能工作在DP sync
A32: * 软件控制 DPU panel stop ， | B32: 屏幕黑屏，显示停止
A33: * 软件寄存器配置 | B33: 屏幕黑屏，显示停止
A34: * DPU EVS mode start | B34: EVS Mode 刷新屏幕，DPU stand by. with offset !!
A36: End flow
A37: * EVS mode stop | B37: TODO: check clock of EVS trigger
B38: offset 粒度是pixel cycle , 按最大1帧.32bit cnt
A40: 3. 一路输出复制另外一路输出
A41: 场景 | B41: 带宽
A42: copy mode without offset | B42: 1x display 内容
A43: copy mode with offset | B43: 2x display 内容
A44: 结论：offset 模式（EVS）下，copy mode 不开
A47: Feature | B47: Requests Descriptions | C47: Customer Comment | D47: VSI Comment
A48: 最大分吞吐量 | B48: 2880×1800 @ 120 fps (每个引擎) | C48: 调整到144FPS
A49: 最大分辨率 | B49: 3840X2400 | C49: 调整到81FPS | D49: 72 FPS
A50: PPC | B50: 1xPPC | D50: 1PPC
A51: core clock | B51: 800Mhz | C51: 调整到900MHz
A52: 实例数 (panel number) | B52: 2 个 (每个 OLED 对应 1 个)
A53: 输入色彩格式 | B53: 主视频: RGB888, RGB101010 | D53: 没有tile; with flexa 20260825:YUV DP_ISP/VPU without flexa YUV422 1 Planar interleave 8bit/10bit CR项；增加 YUV422 1 Planar interleave 10bit
B54: 叠加层: ARGB8888 | D54: GC, with DECNano 3.0
B55: Cursor: ARGB8888 | D55: CR项；need support roi >= 4 . 软件OK
A56: 输出色彩格式 | B56: RGB, YUV444, YUV422 | D56: 10bit刚需, 8bit也需要
A57: CSC 色彩空间转换 | B57: 支持输入 / 输出格式之间全部转换
A58: 非线性 | B58: 支持非线性输入
A59: 图层合成 | B59: 2x3 层: 1 主视频层 + 1 叠加层 + 1 光标层 (1xsimple layer+1OSD(DCnaond) + 1 cursor layer) 图像合成在非线性空间, GPU 输出OSD 在线性空间, 叠加层osd blending 前需要加gamma | D59: Offset相位需要错开10行, 最大场景±半帧
A60: 左右同步 | B60: 可配置行号同步; 配置后硬件保证
A61: 复制模式 | B61: 一路输出复制另外一路输出 | D61: offset 时关闭copy mode
A62: DPRX 同步 | B62: 与 DPRX 行号同步, 跨时间保持 | D62: CR项；, 需要在EVS之前配置好寄存器。 20260826：两种offset 。 1. DPU启动的时候，这个时候只有SW trigger ，此时一路outif 启动固定延迟offset0过后另一路自动启动。 2. DPU启动完毕，等待RX EVS trigger， outif0和outif1都有各自EVS trigger的input pin ,SOC连线接进来即可。且outif0/1各自有自己独立的offset 32bit寄存器配置。从此时开始DPU作为从设备，等待RX trigger然后根据各自的offset配置启动。
A63: Underflow 下溢处理 | B63: 鲁棒恢复, 错误不会向外扩散;
A64: 中断延迟 | B64: 低延迟, 精准行号中断 | D64: CR项；16行为粒度, 最大1024行, 尾巴上除不尽不需要再发, 可以merge
A65: Writeback 回写 | B65: 支持将合成后显示内容写回 DDR | D65: 需要并发在线, Linear
A66: 视频速率同步 | B66: 输入 / 输出视频速率同步 | D66: 17行
A67: 输出mode | B67: Video mode 和 command mode
A68: output interface | B68: DSI and eDP;
A69: OFIFO SIZE | B69: 2x8KBytes; configurable | D69: HW Configurable, 维持16KB
A70: interface PPC | B70: 1/2/4 PPC configurable | D70: SW Configurable
A71: Bus interface | B71: AXI4, 256bits, addr:40bits ; APB, 32bits;
A73: 2PPC
A80: 1PPC

Sheet Format
A1: RDMA format | H1: Write back format
A2: Color Format | B2: Plane | C2: Tile Mode | D2: Video layer (Rotation90/270) | E2: Simple layer | F2: Video layer | H2: Color Format | I2: Plane | J2: Tile Mode
A3: A2RGB10 | B3: 1 | C3: Linear | D3: Not support | E3: Support | F3: Support | H3: ARGB8888 | I3: 1 | J3: Linear
C4: Tile 4x4 | D4: Support | E4: Not support | F4: Support | H4: ARGB8565
A5: X2RGB10 | B5: 1 | C5: Linear | D5: Not support | E5: Support | F5: Support | H5: ARGB4444
C6: Tile 4x4 | D6: Support | E6: Not support | F6: Support | H6: ARGB1555
A7: ARGB8888 | B7: 1 | C7: Linear | D7: Not support | E7: Support | F7: Support | H7: XRGB888
C8: Tile 4x4 | D8: Support | E8: Not support | F8: Support | H8: RGB888
A9: ARGB8565 | B9: 1 | C9: Linear | D9: Not support | E9: Support | F9: Support | H9: RGB565
C10: Tile 4x4 | D10: Support | E10: Not support | F10: Support | H10: YUY2(YUV422)
A11: ARGB4444 | B11: 1 | C11: Linear | D11: Not support | E11: Support | F11: Support | H11: Gray(L8)
C12: Tile 4x4 | D12: Support | E12: Not support | F12: Support | H12: X2RGB10
A13: ARGB1555 | B13: 1 | C13: Linear | D13: Not support | E13: Support | F13: Support | H13: P010(YUV420) | I13: 2
C14: Tile 4x4 | D14: Support | E14: Not support | F14: Support | H14: NV16(YUV422)
A15: RGB888 | B15: 1 | C15: Linear | D15: Not support | E15: Support | F15: Support | H15: P210(YUV422)
B16: 1 | C16: Tile 4x4 | D16: Support | E16: Not support | F16: Support | H16: NV12(YUV420)
A17: RGB565 | B17: 1 | C17: Linear | D17: Not support | E17: Support | F17: Support
C18: Tile 4x4 | D18: Support | E18: Not support | F18: Support | H18: Outif format
H19: Port | I19: Color Format | J19: Bitdepth
A20: P210(YUV422) | B20: 2 | C20: Tile 8x8 | D20: Support | E20: Not support | F20: Support | H20: DSI | I20: YUV422 | J20: 8
A21: YUY2(YUV422) 8bit packed | B21: 1 | C21: Tile 4x4 | D21: Support | E21: Not support | F21: Support | J21: 10
B22: 1 | C22: Linear | D22: Not support | E22: Support | F22: Support | I22: RGB888 | J22: 8
A23: Gray(L8) | B23: 1 | C23: Linear | D23: Not support | E23: Support | F23: Support | I23: RGB10 | J23: 10
B24: 1 | C24: Tile 4x4 | D24: Support | E24: Not support | F24: Support | H24: DP | I24: YUV444 | J24: 8
A25: NV12(YUV420) | B25: 2 | C25: Linear | D25: Not support | E25: Not support | F25: Support | J25: 10
A26: L8A8 | B26: 1 | C26: Linear | D26: Not support | E26: Support | F26: Support | I26: YUV422 | J26: 8
B27: 1 | C27: Tile 4x4 | D27: Support | E27: Not support | F27: Support | J27: 10
A28: A8 | B28: 1 | C28: Linear | D28: Not support | E28: Support | F28: Support | I28: RGB888 | J28: 8
I29: RGB10 | J29: 10
A31: Support | B31: with flexa
